range,song_name,artist,acousticness,analysis_url,danceability,duration_ms,energy,id,instrumentalness,key,liveness,loudness,mode,speechiness,tempo,time_signature,track_href,type,uri,valence
short_term,Largo [Harpsichord Concerto No. 5 in F minor BWV 1056],The Swingle Singers,0.975,https://api.spotify.com/v1/audio-analysis/7pBRrOvcE2ZMiR5k891vhx,0.497,183440.0,0.0173,7pBRrOvcE2ZMiR5k891vhx,0.000359,1.0,0.0846,-19.526,1.0,0.0394,112.632,4.0,https://api.spotify.com/v1/tracks/7pBRrOvcE2ZMiR5k891vhx,audio_features,spotify:track:7pBRrOvcE2ZMiR5k891vhx,0.259
short_term,Good Graces,Emily Yacina,0.868,https://api.spotify.com/v1/audio-analysis/0TcAUHfV9Nt2y5sUowxkCA,0.454,132261.0,0.0714,0TcAUHfV9Nt2y5sUowxkCA,4.26e-05,4.0,0.138,-19.849,1.0,0.0295,94.07,4.0,https://api.spotify.com/v1/tracks/0TcAUHfV9Nt2y5sUowxkCA,audio_features,spotify:track:0TcAUHfV9Nt2y5sUowxkCA,0.234
short_term,Foldin Clothes,J. Cole,0.218,https://api.spotify.com/v1/audio-analysis/77IAeEz8LEchPN8UNjaTJ2,0.713,316920.0,0.496,77IAeEz8LEchPN8UNjaTJ2,0.000237,7.0,0.0761,-10.045,0.0,0.311,162.039,4.0,https://api.spotify.com/v1/tracks/77IAeEz8LEchPN8UNjaTJ2,audio_features,spotify:track:77IAeEz8LEchPN8UNjaTJ2,0.6
short_term,Everybody's Got To Learn Sometime,The Korgis,0.0154,https://api.spotify.com/v1/audio-analysis/2PxyiPwogw6C9yu1jRgFiA,0.425,251947.0,0.298,2PxyiPwogw6C9yu1jRgFiA,0.00133,1.0,0.0725,-12.037,0.0,0.0258,75.038,4.0,https://api.spotify.com/v1/tracks/2PxyiPwogw6C9yu1jRgFiA,audio_features,spotify:track:2PxyiPwogw6C9yu1jRgFiA,0.0929
short_term,"Harpsichord Suite No. 11 in D minor, HWV 437 (Theme from the folm ""Barry Lyndon)) - Sarabande",George Frideric Handel,0.983,https://api.spotify.com/v1/audio-analysis/6Nw7jagICoXFt1ZtdAbi8o,0.356,243067.0,0.0336,6Nw7jagICoXFt1ZtdAbi8o,0.864,2.0,0.107,-19.747,0.0,0.0435,139.584,3.0,https://api.spotify.com/v1/tracks/6Nw7jagICoXFt1ZtdAbi8o,audio_features,spotify:track:6Nw7jagICoXFt1ZtdAbi8o,0.21
short_term,When You Die,MGMT,0.0946,https://api.spotify.com/v1/audio-analysis/3td69vL9Py7Ai9wfXYnvji,0.645,263880.0,0.938,3td69vL9Py7Ai9wfXYnvji,0.0226,11.0,0.159,-4.557,0.0,0.0391,140.886,4.0,https://api.spotify.com/v1/tracks/3td69vL9Py7Ai9wfXYnvji,audio_features,spotify:track:3td69vL9Py7Ai9wfXYnvji,0.495
short_term,Waste,Rhye,0.817,https://api.spotify.com/v1/audio-analysis/4bSr1hSKGJzglijKfIrcvo,0.657,211693.0,0.324,4bSr1hSKGJzglijKfIrcvo,0.038,5.0,0.101,-11.934,0.0,0.037,84.011,4.0,https://api.spotify.com/v1/tracks/4bSr1hSKGJzglijKfIrcvo,audio_features,spotify:track:4bSr1hSKGJzglijKfIrcvo,0.225
short_term,Holding on Too Tight,Anna McClellan,0.339,https://api.spotify.com/v1/audio-analysis/6JV8A7rFIYyZp7Sf0yXHcG,0.26,228347.0,0.461,6JV8A7rFIYyZp7Sf0yXHcG,3.72e-05,9.0,0.133,-5.65,1.0,0.0296,183.087,3.0,https://api.spotify.com/v1/tracks/6JV8A7rFIYyZp7Sf0yXHcG,audio_features,spotify:track:6JV8A7rFIYyZp7Sf0yXHcG,0.469
short_term,But at the Same Time,Anna McClellan,0.956,https://api.spotify.com/v1/audio-analysis/6jC4IXBJlGcS4VSqs5zGlU,0.316,205173.0,0.243,6jC4IXBJlGcS4VSqs5zGlU,2.26e-05,9.0,0.111,-8.433,1.0,0.0332,108.194,4.0,https://api.spotify.com/v1/tracks/6jC4IXBJlGcS4VSqs5zGlU,audio_features,spotify:track:6jC4IXBJlGcS4VSqs5zGlU,0.124
short_term,She Refused to Say,Loving,0.11,https://api.spotify.com/v1/audio-analysis/3ePnpJnNUUmcMOsyMZZH2w,0.506,193007.0,0.679,3ePnpJnNUUmcMOsyMZZH2w,0.358,8.0,0.0563,-9.602,1.0,0.0446,158.808,4.0,https://api.spotify.com/v1/tracks/3ePnpJnNUUmcMOsyMZZH2w,audio_features,spotify:track:3ePnpJnNUUmcMOsyMZZH2w,0.533
short_term,Wat's Wrong (feat. Zacari & Kendrick Lamar),Isaiah Rashad,0.151,https://api.spotify.com/v1/audio-analysis/2RPbEp0DyBVlkRvvYKopO7,0.706,330783.0,0.688,2RPbEp0DyBVlkRvvYKopO7,0.0,1.0,0.466,-6.357,1.0,0.269,125.966,4.0,https://api.spotify.com/v1/tracks/2RPbEp0DyBVlkRvvYKopO7,audio_features,spotify:track:2RPbEp0DyBVlkRvvYKopO7,0.313
short_term,Song For You,Rhye,0.616,https://api.spotify.com/v1/audio-analysis/0BfLvshnvJldGROufmYCrv,0.838,238667.0,0.369,0BfLvshnvJldGROufmYCrv,0.666,2.0,0.109,-10.388,1.0,0.0357,115.99,4.0,https://api.spotify.com/v1/tracks/0BfLvshnvJldGROufmYCrv,audio_features,spotify:track:0BfLvshnvJldGROufmYCrv,0.224
short_term,I Promise You - Ezra's Demo,Ezra Koenig,0.728,https://api.spotify.com/v1/audio-analysis/14gFoxkdh5vEtKeNb0ZCdX,0.857,202893.0,0.289,14gFoxkdh5vEtKeNb0ZCdX,0.000124,7.0,0.111,-8.127,1.0,0.0344,99.97,4.0,https://api.spotify.com/v1/tracks/14gFoxkdh5vEtKeNb0ZCdX,audio_features,spotify:track:14gFoxkdh5vEtKeNb0ZCdX,0.5
short_term,It Just Makes Sense,Anna McClellan,0.214,https://api.spotify.com/v1/audio-analysis/2t1sxTCe8SYcAKohhgZ5jo,0.458,111200.0,0.613,2t1sxTCe8SYcAKohhgZ5jo,7.91e-06,5.0,0.179,-3.884,1.0,0.029,111.805,4.0,https://api.spotify.com/v1/tracks/2t1sxTCe8SYcAKohhgZ5jo,audio_features,spotify:track:2t1sxTCe8SYcAKohhgZ5jo,0.587
short_term,She Works Out Too Much,MGMT,0.00596,https://api.spotify.com/v1/audio-analysis/3XOKU8CKSiQsuQHD5vhzo5,0.633,278387.0,0.919,3XOKU8CKSiQsuQHD5vhzo5,0.273,5.0,0.43,-6.208,0.0,0.0343,147.97,4.0,https://api.spotify.com/v1/tracks/3XOKU8CKSiQsuQHD5vhzo5,audio_features,spotify:track:3XOKU8CKSiQsuQHD5vhzo5,0.805
short_term,Blood Knows,Rhye,0.853,https://api.spotify.com/v1/audio-analysis/5A3qVlLryOqCuAB1DXrn8t,0.602,210813.0,0.447,5A3qVlLryOqCuAB1DXrn8t,0.004,7.0,0.089,-9.836,0.0,0.0523,101.066,4.0,https://api.spotify.com/v1/tracks/5A3qVlLryOqCuAB1DXrn8t,audio_features,spotify:track:5A3qVlLryOqCuAB1DXrn8t,0.146
short_term,あこがれ,mitsume,0.192,https://api.spotify.com/v1/audio-analysis/5iDB4DkBSTRdg37Yd3EWY8,0.78,219987.0,0.636,5iDB4DkBSTRdg37Yd3EWY8,0.0567,7.0,0.208,-7.474,1.0,0.0325,113.02,4.0,https://api.spotify.com/v1/tracks/5iDB4DkBSTRdg37Yd3EWY8,audio_features,spotify:track:5iDB4DkBSTRdg37Yd3EWY8,0.968
short_term,Feel Your Weight,Rhye,0.667,https://api.spotify.com/v1/audio-analysis/6bRVkUr1fyZVX4XwQ4RpaR,0.861,189173.0,0.43,6bRVkUr1fyZVX4XwQ4RpaR,0.0552,6.0,0.0963,-10.417,0.0,0.057,114.976,4.0,https://api.spotify.com/v1/tracks/6bRVkUr1fyZVX4XwQ4RpaR,audio_features,spotify:track:6bRVkUr1fyZVX4XwQ4RpaR,0.535
short_term,So Easy,Emily Yacina,0.889,https://api.spotify.com/v1/audio-analysis/6eUJ2XhmSWXe9U3RJfjMVE,0.497,83214.0,0.131,6eUJ2XhmSWXe9U3RJfjMVE,0.55,11.0,0.11,-17.647,1.0,0.0369,102.168,4.0,https://api.spotify.com/v1/tracks/6eUJ2XhmSWXe9U3RJfjMVE,audio_features,spotify:track:6eUJ2XhmSWXe9U3RJfjMVE,0.198
short_term,Rush,Jay Som,0.0968,https://api.spotify.com/v1/audio-analysis/6ysK6T8Gvtx1f7VBzaTSxA,0.545,219627.0,0.685,6ysK6T8Gvtx1f7VBzaTSxA,0.00546,2.0,0.539,-5.83,1.0,0.0266,140.05,4.0,https://api.spotify.com/v1/tracks/6ysK6T8Gvtx1f7VBzaTSxA,audio_features,spotify:track:6ysK6T8Gvtx1f7VBzaTSxA,0.592
short_term,Glow - Water Version,Porches,0.606,https://api.spotify.com/v1/audio-analysis/1DfWpHBvCexoLPjjRCLA6r,0.652,227325.0,0.53,1DfWpHBvCexoLPjjRCLA6r,0.303,0.0,0.126,-6.557,1.0,0.0258,89.98,4.0,https://api.spotify.com/v1/tracks/1DfWpHBvCexoLPjjRCLA6r,audio_features,spotify:track:1DfWpHBvCexoLPjjRCLA6r,0.432
short_term,Little Dark Age,MGMT,0.0102,https://api.spotify.com/v1/audio-analysis/2Y0iGXY6m6immVb2ktbseM,0.705,299960.0,0.712,2Y0iGXY6m6immVb2ktbseM,0.000855,6.0,0.1,-6.156,1.0,0.0385,97.512,4.0,https://api.spotify.com/v1/tracks/2Y0iGXY6m6immVb2ktbseM,audio_features,spotify:track:2Y0iGXY6m6immVb2ktbseM,0.62
short_term,Sarah (Bonus Track),(Sandy) Alex G,0.514,https://api.spotify.com/v1/audio-analysis/3NzLIbvq342cvzDlDH33RV,0.65,176147.0,0.686,3NzLIbvq342cvzDlDH33RV,0.000188,4.0,0.138,-5.198,0.0,0.0314,124.023,4.0,https://api.spotify.com/v1/tracks/3NzLIbvq342cvzDlDH33RV,audio_features,spotify:track:3NzLIbvq342cvzDlDH33RV,0.497
short_term,America,Bekon,0.352,https://api.spotify.com/v1/audio-analysis/4ROSLD8ATeWoJuXXEmwQ8V,0.462,213565.0,0.36,4ROSLD8ATeWoJuXXEmwQ8V,0.00441,1.0,0.175,-11.98,0.0,0.0255,82.991,4.0,https://api.spotify.com/v1/tracks/4ROSLD8ATeWoJuXXEmwQ8V,audio_features,spotify:track:4ROSLD8ATeWoJuXXEmwQ8V,0.329
short_term,Sometimes,Triathalon,0.0978,https://api.spotify.com/v1/audio-analysis/4T2KUOTERD2besgXrBKPjk,0.563,225381.0,0.521,4T2KUOTERD2besgXrBKPjk,0.0569,0.0,0.0706,-11.998,1.0,0.383,95.02,4.0,https://api.spotify.com/v1/tracks/4T2KUOTERD2besgXrBKPjk,audio_features,spotify:track:4T2KUOTERD2besgXrBKPjk,0.363
short_term,Nail-Biting Song,Anna McClellan,0.493,https://api.spotify.com/v1/audio-analysis/4T6upWN2nKidaF8oTAdve5,0.301,511987.0,0.415,4T6upWN2nKidaF8oTAdve5,8.23e-05,3.0,0.109,-5.937,1.0,0.031,78.524,4.0,https://api.spotify.com/v1/tracks/4T6upWN2nKidaF8oTAdve5,audio_features,spotify:track:4T6upWN2nKidaF8oTAdve5,0.213
short_term,Please,Rhye,0.913,https://api.spotify.com/v1/audio-analysis/4yXVtcNiaFUVDK8nno5ZWm,0.73,215093.0,0.206,4yXVtcNiaFUVDK8nno5ZWm,0.00485,0.0,0.129,-9.905,1.0,0.0447,82.998,4.0,https://api.spotify.com/v1/tracks/4yXVtcNiaFUVDK8nno5ZWm,audio_features,spotify:track:4yXVtcNiaFUVDK8nno5ZWm,0.315
short_term,Pull Up,Triathalon,0.65,https://api.spotify.com/v1/audio-analysis/50RGBF5opBVX5FcfKY1zX9,0.648,150798.0,0.331,50RGBF5opBVX5FcfKY1zX9,0.0722,0.0,0.342,-9.903,1.0,0.119,184.164,4.0,https://api.spotify.com/v1/tracks/50RGBF5opBVX5FcfKY1zX9,audio_features,spotify:track:50RGBF5opBVX5FcfKY1zX9,0.486
short_term,Colorful,Hovvdy,0.976,https://api.spotify.com/v1/audio-analysis/59cF1BzT496nKt47UpwT4K,0.733,237124.0,0.139,59cF1BzT496nKt47UpwT4K,0.861,4.0,0.108,-17.038,1.0,0.0387,109.962,3.0,https://api.spotify.com/v1/tracks/59cF1BzT496nKt47UpwT4K,audio_features,spotify:track:59cF1BzT496nKt47UpwT4K,0.159
short_term,Tyrant (feat. Jorja Smith),Kali Uchis,0.171,https://api.spotify.com/v1/audio-analysis/5ar0XZUJMUkRZrjmcOCy8O,0.506,204290.0,0.469,5ar0XZUJMUkRZrjmcOCy8O,0.0,6.0,0.116,-8.748,1.0,0.122,109.645,5.0,https://api.spotify.com/v1/tracks/5ar0XZUJMUkRZrjmcOCy8O,audio_features,spotify:track:5ar0XZUJMUkRZrjmcOCy8O,0.719
short_term,Softly,Rhye,0.948,https://api.spotify.com/v1/audio-analysis/1U2YcRtLZ4mdrvcO6qaTKR,0.556,217347.0,0.325,1U2YcRtLZ4mdrvcO6qaTKR,0.103,0.0,0.106,-13.644,1.0,0.0433,179.942,4.0,https://api.spotify.com/v1/tracks/1U2YcRtLZ4mdrvcO6qaTKR,audio_features,spotify:track:1U2YcRtLZ4mdrvcO6qaTKR,0.555
short_term,Our House,"Crosby, Stills, Nash & Young",0.896,https://api.spotify.com/v1/audio-analysis/2hitsKa8SthKhRJBXUHbIv,0.593,179760.0,0.205,2hitsKa8SthKhRJBXUHbIv,5.46e-05,9.0,0.119,-14.601,1.0,0.0479,140.279,4.0,https://api.spotify.com/v1/tracks/2hitsKa8SthKhRJBXUHbIv,audio_features,spotify:track:2hitsKa8SthKhRJBXUHbIv,0.377
short_term,Release Me,Oister,0.673,https://api.spotify.com/v1/audio-analysis/38lrvQ2cmiws7yz9gt3mfA,0.534,139904.0,0.359,38lrvQ2cmiws7yz9gt3mfA,0.473,0.0,0.24,-14.755,1.0,0.0314,105.593,3.0,https://api.spotify.com/v1/tracks/38lrvQ2cmiws7yz9gt3mfA,audio_features,spotify:track:38lrvQ2cmiws7yz9gt3mfA,0.507
short_term,Prelude No.19 In A [The Well-Tempered Clavier - Book 1 BWV 864],The Swingle Singers,0.816,https://api.spotify.com/v1/audio-analysis/3DjAYX91aRdivl3h31OTbP,0.459,71000.0,0.273,3DjAYX91aRdivl3h31OTbP,0.000201,5.0,0.117,-18.239,1.0,0.0526,88.335,4.0,https://api.spotify.com/v1/tracks/3DjAYX91aRdivl3h31OTbP,audio_features,spotify:track:3DjAYX91aRdivl3h31OTbP,0.347
short_term,But Not For Me - Vocal,Chet Baker,0.934,https://api.spotify.com/v1/audio-analysis/3pfbQmD5xGH9Tcc7GqGfSL,0.626,184467.0,0.152,3pfbQmD5xGH9Tcc7GqGfSL,6.05e-05,5.0,0.12,-14.182,0.0,0.0405,82.174,4.0,https://api.spotify.com/v1/tracks/3pfbQmD5xGH9Tcc7GqGfSL,audio_features,spotify:track:3pfbQmD5xGH9Tcc7GqGfSL,0.545
short_term,I'll Get You - Remastered,The Beatles,0.616,https://api.spotify.com/v1/audio-analysis/4VMOdHVfB57lNhSDadhOBc,0.653,126413.0,0.75,4VMOdHVfB57lNhSDadhOBc,0.0,9.0,0.289,-6.531,1.0,0.0356,125.7,4.0,https://api.spotify.com/v1/tracks/4VMOdHVfB57lNhSDadhOBc,audio_features,spotify:track:4VMOdHVfB57lNhSDadhOBc,0.962
short_term,Unst Boat Song (Arr. For String Quartet),Traditional,0.925,https://api.spotify.com/v1/audio-analysis/4ZgeNKL23sCAt8HYbQvePO,0.0729,287627.0,0.0363,4ZgeNKL23sCAt8HYbQvePO,0.0994,10.0,0.116,-21.379,1.0,0.051,77.714,4.0,https://api.spotify.com/v1/tracks/4ZgeNKL23sCAt8HYbQvePO,audio_features,spotify:track:4ZgeNKL23sCAt8HYbQvePO,0.0328
short_term,Shore,Fredrik Sjölin,0.878,https://api.spotify.com/v1/audio-analysis/4cg8FqtDQ1775SIIxY2Dkj,0.149,170787.0,0.071,4cg8FqtDQ1775SIIxY2Dkj,0.734,7.0,0.117,-21.526,0.0,0.042,139.205,4.0,https://api.spotify.com/v1/tracks/4cg8FqtDQ1775SIIxY2Dkj,audio_features,spotify:track:4cg8FqtDQ1775SIIxY2Dkj,0.042
short_term,I'm Just Snacking,Gus Dapperton,0.134,https://api.spotify.com/v1/audio-analysis/4q3KkucNQOahEc2e8ZzxWL,0.614,198000.0,0.478,4q3KkucNQOahEc2e8ZzxWL,4.52e-06,8.0,0.254,-7.306,0.0,0.0289,127.994,4.0,https://api.spotify.com/v1/tracks/4q3KkucNQOahEc2e8ZzxWL,audio_features,spotify:track:4q3KkucNQOahEc2e8ZzxWL,0.384
short_term,Mr. Tillman,Father John Misty,0.223,https://api.spotify.com/v1/audio-analysis/5ArtaQ740g1HgDugVOyzf7,0.473,183533.0,0.609,5ArtaQ740g1HgDugVOyzf7,0.0,5.0,0.221,-6.87,1.0,0.027,179.524,4.0,https://api.spotify.com/v1/tracks/5ArtaQ740g1HgDugVOyzf7,audio_features,spotify:track:5ArtaQ740g1HgDugVOyzf7,0.523
short_term,Garden,Winter Family,0.972,https://api.spotify.com/v1/audio-analysis/5IBC52gawEJM10SBBV8qnB,0.471,123762.0,0.111,5IBC52gawEJM10SBBV8qnB,0.0546,0.0,0.0966,-20.355,1.0,0.0473,124.896,4.0,https://api.spotify.com/v1/tracks/5IBC52gawEJM10SBBV8qnB,audio_features,spotify:track:5IBC52gawEJM10SBBV8qnB,0.418
short_term,Waiting Ages,Girl Ray,0.942,https://api.spotify.com/v1/audio-analysis/5XNEcTyQJb566gjhVrY4Kb,0.571,166320.0,0.258,5XNEcTyQJb566gjhVrY4Kb,0.0453,7.0,0.104,-10.023,1.0,0.0297,67.656,4.0,https://api.spotify.com/v1/tracks/5XNEcTyQJb566gjhVrY4Kb,audio_features,spotify:track:5XNEcTyQJb566gjhVrY4Kb,0.519
short_term,"Concerto for Guitar, Strings and Continuo in B minor (orig.Concerto for Harpsichord, Strings and Continuo in F minor), BWV 1056, II. Largo /att./",Lubomír Brabce,0.991,https://api.spotify.com/v1/audio-analysis/7fWQ41Ov6FAcMOvkfuE7e3,0.498,169973.0,0.0154,7fWQ41Ov6FAcMOvkfuE7e3,0.783,2.0,0.0894,-32.504,1.0,0.0504,123.26,4.0,https://api.spotify.com/v1/tracks/7fWQ41Ov6FAcMOvkfuE7e3,audio_features,spotify:track:7fWQ41Ov6FAcMOvkfuE7e3,0.238
short_term,"Frankly, Mr. Shankly - 2011 Remastered Version",The Smiths,0.0709,https://api.spotify.com/v1/audio-analysis/1qIagqll7ZcgmiLTrtSvKc,0.713,138813.0,0.748,1qIagqll7ZcgmiLTrtSvKc,0.000397,4.0,0.156,-6.53,1.0,0.0251,111.556,4.0,https://api.spotify.com/v1/tracks/1qIagqll7ZcgmiLTrtSvKc,audio_features,spotify:track:1qIagqll7ZcgmiLTrtSvKc,0.924
short_term,Closer (Ode 2 U),Ravyn Lenae,0.26,https://api.spotify.com/v1/audio-analysis/39xVzbZDVYROIkoI0wJU7k,0.706,196037.0,0.487,39xVzbZDVYROIkoI0wJU7k,0.0,11.0,0.174,-7.913,0.0,0.0343,104.0,4.0,https://api.spotify.com/v1/tracks/39xVzbZDVYROIkoI0wJU7k,audio_features,spotify:track:39xVzbZDVYROIkoI0wJU7k,0.558
short_term,Where Am I Now,Girl Ray,0.0984,https://api.spotify.com/v1/audio-analysis/4Cu58yCVGUTG3xG6YAM6ou,0.261,210987.0,0.491,4Cu58yCVGUTG3xG6YAM6ou,0.733,9.0,0.126,-8.003,1.0,0.0309,150.011,3.0,https://api.spotify.com/v1/tracks/4Cu58yCVGUTG3xG6YAM6ou,audio_features,spotify:track:4Cu58yCVGUTG3xG6YAM6ou,0.474
short_term,Drugs,M.A.G.S.,0.0355,https://api.spotify.com/v1/audio-analysis/7j0EnXOIyq4qedtko87r6f,0.577,134900.0,0.845,7j0EnXOIyq4qedtko87r6f,2.77e-05,10.0,0.0814,-7.606,0.0,0.0351,115.088,4.0,https://api.spotify.com/v1/tracks/7j0EnXOIyq4qedtko87r6f,audio_features,spotify:track:7j0EnXOIyq4qedtko87r6f,0.692
short_term,It Doesn't Matter,Aerial East,0.828,https://api.spotify.com/v1/audio-analysis/7qUJ4QmNTPAh8sUlGepH9r,0.38,275267.0,0.18,7qUJ4QmNTPAh8sUlGepH9r,0.00221,1.0,0.0994,-12.97,1.0,0.033,110.385,4.0,https://api.spotify.com/v1/tracks/7qUJ4QmNTPAh8sUlGepH9r,audio_features,spotify:track:7qUJ4QmNTPAh8sUlGepH9r,0.136
short_term,Apple Of My Eye - 2010 - Remaster,Badfinger,0.471,https://api.spotify.com/v1/audio-analysis/5Tuout5bAcki6wuD7PTAT9,0.57,186400.0,0.338,5Tuout5bAcki6wuD7PTAT9,0.0,6.0,0.0913,-10.163,1.0,0.0257,72.587,4.0,https://api.spotify.com/v1/tracks/5Tuout5bAcki6wuD7PTAT9,audio_features,spotify:track:5Tuout5bAcki6wuD7PTAT9,0.388
short_term,Girlfriend In A Coma - 2011 Remastered Version,The Smiths,0.126,https://api.spotify.com/v1/audio-analysis/01q4ccXbvPlCwZ1fPiFaeM,0.68,122760.0,0.626,01q4ccXbvPlCwZ1fPiFaeM,1.3e-06,7.0,0.0995,-8.519,1.0,0.0255,104.333,4.0,https://api.spotify.com/v1/tracks/01q4ccXbvPlCwZ1fPiFaeM,audio_features,spotify:track:01q4ccXbvPlCwZ1fPiFaeM,0.96
medium_term,simply put,Eluvium,0.729,https://api.spotify.com/v1/audio-analysis/2R63IrzRQU0lfL0LmY44XX,0.207,32000.0,0.0596,2R63IrzRQU0lfL0LmY44XX,0.933,7.0,0.154,-22.825,1.0,0.0424,67.564,3.0,https://api.spotify.com/v1/tracks/2R63IrzRQU0lfL0LmY44XX,audio_features,spotify:track:2R63IrzRQU0lfL0LmY44XX,0.0358
medium_term,Sunflower River Blues,John Fahey,0.864,https://api.spotify.com/v1/audio-analysis/1PAMHTdOQAmB7oxhVq2jUA,0.469,155600.0,0.307,1PAMHTdOQAmB7oxhVq2jUA,0.888,0.0,0.126,-13.792,1.0,0.0329,95.898,4.0,https://api.spotify.com/v1/tracks/1PAMHTdOQAmB7oxhVq2jUA,audio_features,spotify:track:1PAMHTdOQAmB7oxhVq2jUA,0.234
medium_term,When The Springtime Comes Again,John Fahey,0.957,https://api.spotify.com/v1/audio-analysis/4dMV2qfCWwQ6wayWOgcLjd,0.501,230493.0,0.153,4dMV2qfCWwQ6wayWOgcLjd,0.833,3.0,0.254,-17.974,1.0,0.0325,92.449,4.0,https://api.spotify.com/v1/tracks/4dMV2qfCWwQ6wayWOgcLjd,audio_features,spotify:track:4dMV2qfCWwQ6wayWOgcLjd,0.102
medium_term,Desire,Kamasi Washington,0.553,https://api.spotify.com/v1/audio-analysis/7KkpZSHhQXcecsB0Hgu4Wd,0.306,276910.0,0.65,7KkpZSHhQXcecsB0Hgu4Wd,0.776,0.0,0.136,-10.073,1.0,0.0448,88.088,4.0,https://api.spotify.com/v1/tracks/7KkpZSHhQXcecsB0Hgu4Wd,audio_features,spotify:track:7KkpZSHhQXcecsB0Hgu4Wd,0.374
medium_term,Requiem for Molly (Part 1),John Fahey,0.172,https://api.spotify.com/v1/audio-analysis/2Vj1sqIhcug8B3SZ4X4P3C,0.327,462000.0,0.451,2Vj1sqIhcug8B3SZ4X4P3C,0.866,0.0,0.0939,-12.028,1.0,0.0408,111.868,4.0,https://api.spotify.com/v1/tracks/2Vj1sqIhcug8B3SZ4X4P3C,audio_features,spotify:track:2Vj1sqIhcug8B3SZ4X4P3C,0.139
medium_term,Sligo River Blues,John Fahey,0.548,https://api.spotify.com/v1/audio-analysis/5f439jP7LDrwx0BX56hW60,0.449,153973.0,0.404,5f439jP7LDrwx0BX56hW60,0.865,0.0,0.09,-12.166,1.0,0.0424,135.922,4.0,https://api.spotify.com/v1/tracks/5f439jP7LDrwx0BX56hW60,audio_features,spotify:track:5f439jP7LDrwx0BX56hW60,0.413
medium_term,"Please, Please, Please Let Me Get What I Want - 2011 Remastered Version",The Smiths,0.534,https://api.spotify.com/v1/audio-analysis/6BrMEbPSSj55nQhkgf6DnE,0.241,112707.0,0.468,6BrMEbPSSj55nQhkgf6DnE,0.0,2.0,0.161,-9.579,1.0,0.0272,91.581,3.0,https://api.spotify.com/v1/tracks/6BrMEbPSSj55nQhkgf6DnE,audio_features,spotify:track:6BrMEbPSSj55nQhkgf6DnE,0.451
medium_term,Requiem For John Hurt,John Fahey,0.517,https://api.spotify.com/v1/audio-analysis/60EIxnylGxIXoMK43K1S33,0.189,310000.0,0.384,60EIxnylGxIXoMK43K1S33,0.834,0.0,0.103,-13.796,1.0,0.0338,102.255,4.0,https://api.spotify.com/v1/tracks/60EIxnylGxIXoMK43K1S33,audio_features,spotify:track:60EIxnylGxIXoMK43K1S33,0.183
medium_term,I Wanna Prove to You,The Lemon Twigs,0.465,https://api.spotify.com/v1/audio-analysis/7sjYzHb6IEQelfcG52hM28,0.392,221213.0,0.677,7sjYzHb6IEQelfcG52hM28,1.13e-05,2.0,0.16,-5.689,1.0,0.0343,94.213,4.0,https://api.spotify.com/v1/tracks/7sjYzHb6IEQelfcG52hM28,audio_features,spotify:track:7sjYzHb6IEQelfcG52hM28,0.377
medium_term,Afar,Harold Budd,0.989,https://api.spotify.com/v1/audio-analysis/2xYXPFalEjva3zI8ZYe2yQ,0.122,154933.0,0.0146,2xYXPFalEjva3zI8ZYe2yQ,0.947,1.0,0.0867,-25.559,1.0,0.0421,71.029,4.0,https://api.spotify.com/v1/tracks/2xYXPFalEjva3zI8ZYe2yQ,audio_features,spotify:track:2xYXPFalEjva3zI8ZYe2yQ,0.0335
medium_term,We Would Be Building - Instrumental,John Fahey,0.946,https://api.spotify.com/v1/audio-analysis/4lYeCDpXmiUZ5F1b7WiXQG,0.479,117240.0,0.0367,4lYeCDpXmiUZ5F1b7WiXQG,0.644,11.0,0.117,-12.468,1.0,0.0537,85.729,4.0,https://api.spotify.com/v1/tracks/4lYeCDpXmiUZ5F1b7WiXQG,audio_features,spotify:track:4lYeCDpXmiUZ5F1b7WiXQG,0.243
medium_term,In Christ There Is No East Or West,John Fahey,0.82,https://api.spotify.com/v1/audio-analysis/08Ufpd5mVtiHQneW23Rp3x,0.562,142000.0,0.19,08Ufpd5mVtiHQneW23Rp3x,0.92,11.0,0.108,-15.924,1.0,0.0524,156.623,4.0,https://api.spotify.com/v1/tracks/08Ufpd5mVtiHQneW23Rp3x,audio_features,spotify:track:08Ufpd5mVtiHQneW23Rp3x,0.387
medium_term,I Am,Jorja Smith,0.125,https://api.spotify.com/v1/audio-analysis/0DJBgBiYeSn6n1AXAkFVE8,0.542,208760.0,0.581,0DJBgBiYeSn6n1AXAkFVE8,8.01e-05,8.0,0.185,-5.753,0.0,0.271,73.792,4.0,https://api.spotify.com/v1/tracks/0DJBgBiYeSn6n1AXAkFVE8,audio_features,spotify:track:0DJBgBiYeSn6n1AXAkFVE8,0.298
medium_term,Reel Around The Fountain - 2011 Remastered Version,The Smiths,0.00507,https://api.spotify.com/v1/audio-analysis/5bSASu4W0HJx6CuG8rbRcA,0.67,359227.0,0.571,5bSASu4W0HJx6CuG8rbRcA,7.23e-05,9.0,0.124,-9.976,1.0,0.0255,109.905,4.0,https://api.spotify.com/v1/tracks/5bSASu4W0HJx6CuG8rbRcA,audio_features,spotify:track:5bSASu4W0HJx6CuG8rbRcA,0.899
medium_term,Joe Kirby Blues - Instrumental,John Fahey,0.902,https://api.spotify.com/v1/audio-analysis/3fHqL6RiBFFqktzhjUoL4T,0.457,189000.0,0.449,3fHqL6RiBFFqktzhjUoL4T,0.858,2.0,0.105,-10.125,0.0,0.085,206.686,3.0,https://api.spotify.com/v1/tracks/3fHqL6RiBFFqktzhjUoL4T,audio_features,spotify:track:3fHqL6RiBFFqktzhjUoL4T,0.28
medium_term,Back To The Old House - 2011 Remastered Version,The Smiths,0.0102,https://api.spotify.com/v1/audio-analysis/6LUGvXEAK8WxIBYK43uoTb,0.626,186627.0,0.488,6LUGvXEAK8WxIBYK43uoTb,0.000188,2.0,0.141,-7.805,1.0,0.0253,104.13,3.0,https://api.spotify.com/v1/tracks/6LUGvXEAK8WxIBYK43uoTb,audio_features,spotify:track:6LUGvXEAK8WxIBYK43uoTb,0.404
medium_term,My Needs - Instrumental,John Fahey,0.953,https://api.spotify.com/v1/audio-analysis/79C6R69JluQowRMa76Q3Oe,0.492,529293.0,0.0596,79C6R69JluQowRMa76Q3Oe,0.745,10.0,0.11,-17.667,1.0,0.128,79.457,4.0,https://api.spotify.com/v1/tracks/79C6R69JluQowRMa76Q3Oe,audio_features,spotify:track:79C6R69JluQowRMa76Q3Oe,0.0397
medium_term,This Night Has Opened My Eyes - 2011 Remastered Version,The Smiths,0.00102,https://api.spotify.com/v1/audio-analysis/2Yf0HjCklkx54C4wQzhvzH,0.696,221533.0,0.628,2Yf0HjCklkx54C4wQzhvzH,0.428,2.0,0.272,-8.407,1.0,0.0274,100.038,4.0,https://api.spotify.com/v1/tracks/2Yf0HjCklkx54C4wQzhvzH,audio_features,spotify:track:2Yf0HjCklkx54C4wQzhvzH,0.701
medium_term,Dark Red,Steve Lacy,0.449,https://api.spotify.com/v1/audio-analysis/37y7iDayfwm3WXn5BiAoRk,0.603,173104.0,0.783,37y7iDayfwm3WXn5BiAoRk,7.96e-06,6.0,0.119,-4.023,1.0,0.062,172.041,4.0,https://api.spotify.com/v1/tracks/37y7iDayfwm3WXn5BiAoRk,audio_features,spotify:track:37y7iDayfwm3WXn5BiAoRk,0.775
medium_term,Flaming Hot Cheetos,Clairo,0.878,https://api.spotify.com/v1/audio-analysis/6Q4oiVdxUveuaVEXWfephy,0.7,123341.0,0.387,6Q4oiVdxUveuaVEXWfephy,0.00026,7.0,0.0973,-15.38,0.0,0.194,110.068,4.0,https://api.spotify.com/v1/tracks/6Q4oiVdxUveuaVEXWfephy,audio_features,spotify:track:6Q4oiVdxUveuaVEXWfephy,0.171
medium_term,"Frankly, Mr. Shankly - 2011 Remastered Version",The Smiths,0.0709,https://api.spotify.com/v1/audio-analysis/1qIagqll7ZcgmiLTrtSvKc,0.713,138813.0,0.748,1qIagqll7ZcgmiLTrtSvKc,0.000397,4.0,0.156,-6.53,1.0,0.0251,111.556,4.0,https://api.spotify.com/v1/tracks/1qIagqll7ZcgmiLTrtSvKc,audio_features,spotify:track:1qIagqll7ZcgmiLTrtSvKc,0.924
medium_term,Sore,Emily Yacina,0.845,https://api.spotify.com/v1/audio-analysis/1wWGxZmbKqPfKLvKQzmcuK,0.483,208916.0,0.298,1wWGxZmbKqPfKLvKQzmcuK,0.0,4.0,0.1,-9.562,1.0,0.0253,99.894,4.0,https://api.spotify.com/v1/tracks/1wWGxZmbKqPfKLvKQzmcuK,audio_features,spotify:track:1wWGxZmbKqPfKLvKQzmcuK,0.0781
medium_term,Memories,kevatta,0.685,https://api.spotify.com/v1/audio-analysis/0HdAVnZAahxWXLDsrKRHrP,0.834,101433.0,0.423,0HdAVnZAahxWXLDsrKRHrP,0.18,7.0,0.503,-7.646,0.0,0.0975,90.015,4.0,https://api.spotify.com/v1/tracks/0HdAVnZAahxWXLDsrKRHrP,audio_features,spotify:track:0HdAVnZAahxWXLDsrKRHrP,0.765
medium_term,Widow,Cende,0.00038,https://api.spotify.com/v1/audio-analysis/0NXhxmIyp7iELotvFI3FbI,0.16,147587.0,0.994,0NXhxmIyp7iELotvFI3FbI,0.11,0.0,0.361,-4.238,1.0,0.282,193.348,4.0,https://api.spotify.com/v1/tracks/0NXhxmIyp7iELotvFI3FbI,audio_features,spotify:track:0NXhxmIyp7iELotvFI3FbI,0.354
medium_term,Brite Boy,(Sandy) Alex G,0.0937,https://api.spotify.com/v1/audio-analysis/19DXGGcr5hb3kh8BQtz4cE,0.454,150820.0,0.403,19DXGGcr5hb3kh8BQtz4cE,0.000592,11.0,0.168,-10.047,1.0,0.0353,91.997,4.0,https://api.spotify.com/v1/tracks/19DXGGcr5hb3kh8BQtz4cE,audio_features,spotify:track:19DXGGcr5hb3kh8BQtz4cE,0.535
medium_term,Is There a Place I Can Go,Trudy and the Romance,0.124,https://api.spotify.com/v1/audio-analysis/1zvdOpnTT7U3IQXq6vJHvJ,0.231,278413.0,0.454,1zvdOpnTT7U3IQXq6vJHvJ,0.162,3.0,0.097,-9.569,1.0,0.0384,199.63,3.0,https://api.spotify.com/v1/tracks/1zvdOpnTT7U3IQXq6vJHvJ,audio_features,spotify:track:1zvdOpnTT7U3IQXq6vJHvJ,0.263
medium_term,Knowledge,Kamasi Washington,0.643,https://api.spotify.com/v1/audio-analysis/2m9qCOrGUqNfi5ssNXktKp,0.217,231941.0,0.865,2m9qCOrGUqNfi5ssNXktKp,0.761,3.0,0.107,-6.719,1.0,0.161,77.548,4.0,https://api.spotify.com/v1/tracks/2m9qCOrGUqNfi5ssNXktKp,audio_features,spotify:track:2m9qCOrGUqNfi5ssNXktKp,0.365
medium_term,Integrity,Kamasi Washington,0.546,https://api.spotify.com/v1/audio-analysis/5k46C7aYLCMI0YnoQdohZf,0.344,227493.0,0.921,5k46C7aYLCMI0YnoQdohZf,0.919,2.0,0.236,-7.421,1.0,0.058,103.262,4.0,https://api.spotify.com/v1/tracks/5k46C7aYLCMI0YnoQdohZf,audio_features,spotify:track:5k46C7aYLCMI0YnoQdohZf,0.408
medium_term,Anymore,Porches,0.0863,https://api.spotify.com/v1/audio-analysis/60BWjqyLoCEpzhgsU79xe6,0.666,201235.0,0.768,60BWjqyLoCEpzhgsU79xe6,0.0914,11.0,0.137,-6.637,0.0,0.0355,109.931,3.0,https://api.spotify.com/v1/tracks/60BWjqyLoCEpzhgsU79xe6,audio_features,spotify:track:60BWjqyLoCEpzhgsU79xe6,0.149
medium_term,Sunflower River Blues,John Fahey,0.637,https://api.spotify.com/v1/audio-analysis/6CePeHbXmgwna8B5dC6xKV,0.357,200333.0,0.196,6CePeHbXmgwna8B5dC6xKV,0.727,5.0,0.0999,-20.353,1.0,0.045,91.286,4.0,https://api.spotify.com/v1/tracks/6CePeHbXmgwna8B5dC6xKV,audio_features,spotify:track:6CePeHbXmgwna8B5dC6xKV,0.109
medium_term,Slow Disco,St. Vincent,0.876,https://api.spotify.com/v1/audio-analysis/6xiTXiZhECholKGfvDormV,0.266,164720.0,0.308,6xiTXiZhECholKGfvDormV,0.0014,9.0,0.316,-12.83,1.0,0.041,55.479,4.0,https://api.spotify.com/v1/tracks/6xiTXiZhECholKGfvDormV,audio_features,spotify:track:6xiTXiZhECholKGfvDormV,0.116
medium_term,Over My Dead Body,Drake,0.746,https://api.spotify.com/v1/audio-analysis/749SJvmRHD43wFUnBtUJ36,0.53,272573.0,0.562,749SJvmRHD43wFUnBtUJ36,1.78e-06,1.0,0.18,-10.29,1.0,0.31,185.999,4.0,https://api.spotify.com/v1/tracks/749SJvmRHD43wFUnBtUJ36,audio_features,spotify:track:749SJvmRHD43wFUnBtUJ36,0.615
medium_term,It's Nothing,Lexie,0.603,https://api.spotify.com/v1/audio-analysis/7LrlP7A6iTfiSgFnt1fL9H,0.451,123755.0,0.614,7LrlP7A6iTfiSgFnt1fL9H,0.0344,9.0,0.212,-8.71,1.0,0.0358,115.054,3.0,https://api.spotify.com/v1/tracks/7LrlP7A6iTfiSgFnt1fL9H,audio_features,spotify:track:7LrlP7A6iTfiSgFnt1fL9H,0.524
medium_term,Now The Water,Porches,0.0526,https://api.spotify.com/v1/audio-analysis/18UbPh7x43Q2E6nkROZP5B,0.721,228357.0,0.836,18UbPh7x43Q2E6nkROZP5B,0.0306,6.0,0.074,-6.078,0.0,0.0374,119.992,4.0,https://api.spotify.com/v1/tracks/18UbPh7x43Q2E6nkROZP5B,audio_features,spotify:track:18UbPh7x43Q2E6nkROZP5B,0.969
medium_term,Over Everything,Courtney Barnett,0.114,https://api.spotify.com/v1/audio-analysis/1EvsBXlRgZaVzZ3unJ6yT6,0.542,379853.0,0.868,1EvsBXlRgZaVzZ3unJ6yT6,0.0224,11.0,0.356,-4.581,0.0,0.037,120.016,4.0,https://api.spotify.com/v1/tracks/1EvsBXlRgZaVzZ3unJ6yT6,audio_features,spotify:track:1EvsBXlRgZaVzZ3unJ6yT6,0.65
medium_term,6 Man,Drake,0.227,https://api.spotify.com/v1/audio-analysis/4kdfjhj9xNkYU0R8xlDy8k,0.798,167653.0,0.529,4kdfjhj9xNkYU0R8xlDy8k,0.0,8.0,0.114,-9.288,1.0,0.482,78.967,4.0,https://api.spotify.com/v1/tracks/4kdfjhj9xNkYU0R8xlDy8k,audio_features,spotify:track:4kdfjhj9xNkYU0R8xlDy8k,0.368
medium_term,TWTGA,Bing & Ruth,0.981,https://api.spotify.com/v1/audio-analysis/4ljALrblJ6OyrXFH0PzXwK,0.194,355524.0,0.086,4ljALrblJ6OyrXFH0PzXwK,0.967,10.0,0.119,-30.654,1.0,0.0445,68.439,4.0,https://api.spotify.com/v1/tracks/4ljALrblJ6OyrXFH0PzXwK,audio_features,spotify:track:4ljALrblJ6OyrXFH0PzXwK,0.104
medium_term,Impressions Of Susan - Instrumental,John Fahey,0.831,https://api.spotify.com/v1/audio-analysis/4mBbAEPSJNDN1Js16qTXOz,0.312,305867.0,0.557,4mBbAEPSJNDN1Js16qTXOz,0.833,10.0,0.328,-8.708,1.0,0.0292,95.208,4.0,https://api.spotify.com/v1/tracks/4mBbAEPSJNDN1Js16qTXOz,audio_features,spotify:track:4mBbAEPSJNDN1Js16qTXOz,0.216
medium_term,Ready,(Sandy) Alex G,0.506,https://api.spotify.com/v1/audio-analysis/5XAeRKx9SJ9hebSDU4muZs,0.65,260618.0,0.312,5XAeRKx9SJ9hebSDU4muZs,0.0019,7.0,0.28,-10.612,1.0,0.0326,115.889,3.0,https://api.spotify.com/v1/tracks/5XAeRKx9SJ9hebSDU4muZs,audio_features,spotify:track:5XAeRKx9SJ9hebSDU4muZs,0.139
medium_term,Thorns,(Sandy) Alex G,0.398,https://api.spotify.com/v1/audio-analysis/7xMWwvpUjihrid15USMtlw,0.569,170108.0,0.306,7xMWwvpUjihrid15USMtlw,0.0195,2.0,0.141,-14.128,1.0,0.0363,125.923,3.0,https://api.spotify.com/v1/tracks/7xMWwvpUjihrid15USMtlw,audio_features,spotify:track:7xMWwvpUjihrid15USMtlw,0.492
medium_term,Goodbye,Porches,0.29,https://api.spotify.com/v1/audio-analysis/0Cf8Juik1Rp1J7iFqxTUGK,0.452,166795.0,0.527,0Cf8Juik1Rp1J7iFqxTUGK,0.00214,2.0,0.102,-8.478,1.0,0.0375,115.052,5.0,https://api.spotify.com/v1/tracks/0Cf8Juik1Rp1J7iFqxTUGK,audio_features,spotify:track:0Cf8Juik1Rp1J7iFqxTUGK,0.363
medium_term,Stretch Out And Wait - 2011 Remastered Version Original Version,The Smiths,0.358,https://api.spotify.com/v1/audio-analysis/0Hpm3tUmlaQs2l517D5GAh,0.272,159933.0,0.498,0Hpm3tUmlaQs2l517D5GAh,0.0,4.0,0.137,-7.897,1.0,0.0403,177.536,3.0,https://api.spotify.com/v1/tracks/0Hpm3tUmlaQs2l517D5GAh,audio_features,spotify:track:0Hpm3tUmlaQs2l517D5GAh,0.266
medium_term,Always Returning - 2005 Digital Remaster,Brian Eno,0.687,https://api.spotify.com/v1/audio-analysis/1ps5sx71OhHiBVmGiKQSne,0.299,244187.0,0.114,1ps5sx71OhHiBVmGiKQSne,0.859,10.0,0.0764,-24.355,1.0,0.042,70.729,4.0,https://api.spotify.com/v1/tracks/1ps5sx71OhHiBVmGiKQSne,audio_features,spotify:track:1ps5sx71OhHiBVmGiKQSne,0.131
medium_term,Monad,chris cohen,0.167,https://api.spotify.com/v1/audio-analysis/2HQL3HW1lU9bC0n0LLv5os,0.577,258120.0,0.864,2HQL3HW1lU9bC0n0LLv5os,0.438,7.0,0.14,-5.922,1.0,0.0284,111.992,4.0,https://api.spotify.com/v1/tracks/2HQL3HW1lU9bC0n0LLv5os,audio_features,spotify:track:2HQL3HW1lU9bC0n0LLv5os,0.66
medium_term,Swimmer,Porches,0.788,https://api.spotify.com/v1/audio-analysis/2V3Nb4Rs5BxD8YfrtkBE7U,0.346,52983.0,0.174,2V3Nb4Rs5BxD8YfrtkBE7U,0.0,9.0,0.0735,-10.205,0.0,0.0434,135.593,1.0,https://api.spotify.com/v1/tracks/2V3Nb4Rs5BxD8YfrtkBE7U,audio_features,spotify:track:2V3Nb4Rs5BxD8YfrtkBE7U,0.253
medium_term,Little Women,Jepeto Solutions,0.955,https://api.spotify.com/v1/audio-analysis/2dP1fwST5LLjkNPKK0OV9x,0.59,150143.0,0.428,2dP1fwST5LLjkNPKK0OV9x,0.862,0.0,0.116,-12.045,1.0,0.0292,79.524,4.0,https://api.spotify.com/v1/tracks/2dP1fwST5LLjkNPKK0OV9x,audio_features,spotify:track:2dP1fwST5LLjkNPKK0OV9x,0.724
medium_term,In Us,Lexie,0.664,https://api.spotify.com/v1/audio-analysis/2gVDvl48ZsyS7D789VCCWd,0.548,102695.0,0.626,2gVDvl48ZsyS7D789VCCWd,0.22,11.0,0.083,-9.064,0.0,0.0288,152.084,4.0,https://api.spotify.com/v1/tracks/2gVDvl48ZsyS7D789VCCWd,audio_features,spotify:track:2gVDvl48ZsyS7D789VCCWd,0.942
medium_term,A Star,Emily Yacina,0.815,https://api.spotify.com/v1/audio-analysis/3QnCdQUxecjmJ3doxMfLBo,0.367,116013.0,0.223,3QnCdQUxecjmJ3doxMfLBo,0.0,7.0,0.115,-8.963,1.0,0.0282,85.138,3.0,https://api.spotify.com/v1/tracks/3QnCdQUxecjmJ3doxMfLBo,audio_features,spotify:track:3QnCdQUxecjmJ3doxMfLBo,0.138
medium_term,I Want The One I Can't Have - 2011 Remastered Version,The Smiths,0.012,https://api.spotify.com/v1/audio-analysis/4Bs7pbzxezGyNQO6DjqmC8,0.35,193800.0,0.957,4Bs7pbzxezGyNQO6DjqmC8,5.07e-05,4.0,0.0872,-5.443,0.0,0.0634,189.078,4.0,https://api.spotify.com/v1/tracks/4Bs7pbzxezGyNQO6DjqmC8,audio_features,spotify:track:4Bs7pbzxezGyNQO6DjqmC8,0.64
medium_term,Pretty Girl,Clairo,0.506,https://api.spotify.com/v1/audio-analysis/4Pv7OY4tfCA8KIdtlkANOS,0.921,178320.0,0.432,4Pv7OY4tfCA8KIdtlkANOS,0.00223,0.0,0.0617,-11.109,1.0,0.0502,112.117,4.0,https://api.spotify.com/v1/tracks/4Pv7OY4tfCA8KIdtlkANOS,audio_features,spotify:track:4Pv7OY4tfCA8KIdtlkANOS,0.693
long_term,simply put,Eluvium,0.729,https://api.spotify.com/v1/audio-analysis/2R63IrzRQU0lfL0LmY44XX,0.207,32000.0,0.0596,2R63IrzRQU0lfL0LmY44XX,0.933,7.0,0.154,-22.825,1.0,0.0424,67.564,3.0,https://api.spotify.com/v1/tracks/2R63IrzRQU0lfL0LmY44XX,audio_features,spotify:track:2R63IrzRQU0lfL0LmY44XX,0.0358
long_term,Demon Host,Timber Timbre,0.953,https://api.spotify.com/v1/audio-analysis/7yP9PPNZQrq1TE0XNpswJA,0.64,217760.0,0.125,7yP9PPNZQrq1TE0XNpswJA,0.000621,5.0,0.106,-17.034,1.0,0.0371,75.725,4.0,https://api.spotify.com/v1/tracks/7yP9PPNZQrq1TE0XNpswJA,audio_features,spotify:track:7yP9PPNZQrq1TE0XNpswJA,0.26
long_term,The Start Of Something,Voxtrot,0.179,https://api.spotify.com/v1/audio-analysis/6K5GAopLZzzg0ZX8k5GWwh,0.632,271747.0,0.733,6K5GAopLZzzg0ZX8k5GWwh,1.04e-05,8.0,0.0988,-6.924,1.0,0.0293,107.056,4.0,https://api.spotify.com/v1/tracks/6K5GAopLZzzg0ZX8k5GWwh,audio_features,spotify:track:6K5GAopLZzzg0ZX8k5GWwh,0.707
long_term,Jungle,Drake,0.614,https://api.spotify.com/v1/audio-analysis/7JXZq0JgG2zTrSOAgY8VMC,0.508,320400.0,0.234,7JXZq0JgG2zTrSOAgY8VMC,0.000163,7.0,0.111,-8.724,1.0,0.109,195.092,4.0,https://api.spotify.com/v1/tracks/7JXZq0JgG2zTrSOAgY8VMC,audio_features,spotify:track:7JXZq0JgG2zTrSOAgY8VMC,0.392
long_term,Hood,Perfume Genius,0.591,https://api.spotify.com/v1/audio-analysis/4ONbE2UQU0hiizcxR4fToc,0.329,120093.0,0.278,4ONbE2UQU0hiizcxR4fToc,0.000145,7.0,0.162,-12.271,1.0,0.0373,111.316,3.0,https://api.spotify.com/v1/tracks/4ONbE2UQU0hiizcxR4fToc,audio_features,spotify:track:4ONbE2UQU0hiizcxR4fToc,0.272
long_term,Ch-Ching,Chairlift,0.0279,https://api.spotify.com/v1/audio-analysis/5puD5DykxLKhlNy3GckU6Z,0.798,227520.0,0.598,5puD5DykxLKhlNy3GckU6Z,0.000197,7.0,0.274,-6.353,0.0,0.248,87.992,4.0,https://api.spotify.com/v1/tracks/5puD5DykxLKhlNy3GckU6Z,audio_features,spotify:track:5puD5DykxLKhlNy3GckU6Z,0.427
long_term,Feel No Ways,Drake,0.0319,https://api.spotify.com/v1/audio-analysis/3cjF2OFRmip8spwZYQRKxP,0.589,240653.0,0.673,3cjF2OFRmip8spwZYQRKxP,5.68e-06,7.0,0.108,-7.082,1.0,0.167,193.783,4.0,https://api.spotify.com/v1/tracks/3cjF2OFRmip8spwZYQRKxP,audio_features,spotify:track:3cjF2OFRmip8spwZYQRKxP,0.209
long_term,Bound 2,Kanye West,0.134,https://api.spotify.com/v1/audio-analysis/3sNVsP50132BTNlImLx70i,0.359,229147.0,0.662,3sNVsP50132BTNlImLx70i,0.0,1.0,0.0907,-2.843,1.0,0.0466,152.096,4.0,https://api.spotify.com/v1/tracks/3sNVsP50132BTNlImLx70i,audio_features,spotify:track:3sNVsP50132BTNlImLx70i,0.288
long_term,Faded High,Gayngs,0.102,https://api.spotify.com/v1/audio-analysis/44Gke80KttYib3M9VqX9Kr,0.625,448467.0,0.82,44Gke80KttYib3M9VqX9Kr,0.65,1.0,0.107,-6.298,0.0,0.0295,137.967,4.0,https://api.spotify.com/v1/tracks/44Gke80KttYib3M9VqX9Kr,audio_features,spotify:track:44Gke80KttYib3M9VqX9Kr,0.45
long_term,Outro,M83,0.0301,https://api.spotify.com/v1/audio-analysis/2QVmiA93GVhWNTWQctyY1K,0.226,247027.0,0.261,2QVmiA93GVhWNTWQctyY1K,0.0677,2.0,0.0628,-11.276,1.0,0.0339,108.915,4.0,https://api.spotify.com/v1/tracks/2QVmiA93GVhWNTWQctyY1K,audio_features,spotify:track:2QVmiA93GVhWNTWQctyY1K,0.084
long_term,Outside with the Cuties,Frankie Cosmos,0.689,https://api.spotify.com/v1/audio-analysis/6L5ks2ivQVCLnI4JmIr9NT,0.524,154305.0,0.182,6L5ks2ivQVCLnI4JmIr9NT,0.000101,9.0,0.16,-13.155,1.0,0.0637,85.72,4.0,https://api.spotify.com/v1/tracks/6L5ks2ivQVCLnI4JmIr9NT,audio_features,spotify:track:6L5ks2ivQVCLnI4JmIr9NT,0.158
long_term,Downtown,Majical Cloudz,0.786,https://api.spotify.com/v1/audio-analysis/5iK8GmW2uiPuUc5CtkZrIK,0.382,249063.0,0.283,5iK8GmW2uiPuUc5CtkZrIK,0.00478,6.0,0.111,-9.357,1.0,0.0292,95.3,4.0,https://api.spotify.com/v1/tracks/5iK8GmW2uiPuUc5CtkZrIK,audio_features,spotify:track:5iK8GmW2uiPuUc5CtkZrIK,0.0441
long_term,No Role Modelz,J. Cole,0.302,https://api.spotify.com/v1/audio-analysis/62vpWI1CHwFy7tMIcSStl8,0.696,292987.0,0.521,62vpWI1CHwFy7tMIcSStl8,0.0,10.0,0.0565,-8.465,0.0,0.332,100.0,4.0,https://api.spotify.com/v1/tracks/62vpWI1CHwFy7tMIcSStl8,audio_features,spotify:track:62vpWI1CHwFy7tMIcSStl8,0.458
long_term,Forrest Gump,Frank Ocean,0.0998,https://api.spotify.com/v1/audio-analysis/4YZbVct8l9MnAVIROnLQdx,0.678,194840.0,0.386,4YZbVct8l9MnAVIROnLQdx,0.00124,2.0,0.384,-8.285,1.0,0.03,95.034,4.0,https://api.spotify.com/v1/tracks/4YZbVct8l9MnAVIROnLQdx,audio_features,spotify:track:4YZbVct8l9MnAVIROnLQdx,0.238
long_term,Israelites,Desmond Dekker,0.0811,https://api.spotify.com/v1/audio-analysis/6B1mi7lMKxdSuD40kxAIs9,0.798,156479.0,0.482,6B1mi7lMKxdSuD40kxAIs9,0.386,10.0,0.0872,-11.443,1.0,0.0473,146.815,4.0,https://api.spotify.com/v1/tracks/6B1mi7lMKxdSuD40kxAIs9,audio_features,spotify:track:6B1mi7lMKxdSuD40kxAIs9,0.972
long_term,Fool,Frankie Cosmos,0.301,https://api.spotify.com/v1/audio-analysis/2yOj1pyRC3NcvQyeZ3yAcL,0.511,124022.0,0.436,2yOj1pyRC3NcvQyeZ3yAcL,7.12e-05,9.0,0.255,-10.254,1.0,0.0409,120.207,4.0,https://api.spotify.com/v1/tracks/2yOj1pyRC3NcvQyeZ3yAcL,audio_features,spotify:track:2yOj1pyRC3NcvQyeZ3yAcL,0.342
long_term,Mine,Spirits of the Red City,0.943,https://api.spotify.com/v1/audio-analysis/4jwCTsvbTrX9AGwC7dbZ8b,0.732,228507.0,0.187,4jwCTsvbTrX9AGwC7dbZ8b,0.217,1.0,0.109,-13.914,1.0,0.0356,126.523,4.0,https://api.spotify.com/v1/tracks/4jwCTsvbTrX9AGwC7dbZ8b,audio_features,spotify:track:4jwCTsvbTrX9AGwC7dbZ8b,0.188
long_term,To Build A Home,The Cinematic Orchestra,0.885,https://api.spotify.com/v1/audio-analysis/3AqPL1n1wKc5DVFFnYuJhp,0.264,370667.0,0.128,3AqPL1n1wKc5DVFFnYuJhp,0.352,9.0,0.105,-15.443,1.0,0.034,148.499,4.0,https://api.spotify.com/v1/tracks/3AqPL1n1wKc5DVFFnYuJhp,audio_features,spotify:track:3AqPL1n1wKc5DVFFnYuJhp,0.0774
long_term,Forgive,Porches,0.115,https://api.spotify.com/v1/audio-analysis/1B8b1hIarGFkJmr7QqP55s,0.679,166813.0,0.546,1B8b1hIarGFkJmr7QqP55s,0.0032,7.0,0.0757,-5.781,1.0,0.0402,98.024,3.0,https://api.spotify.com/v1/tracks/1B8b1hIarGFkJmr7QqP55s,audio_features,spotify:track:1B8b1hIarGFkJmr7QqP55s,0.576
long_term,Chrysalis,S. Carey,0.956,https://api.spotify.com/v1/audio-analysis/6AKka4GmQYHOy624YSPCSh,0.573,224839.0,0.383,6AKka4GmQYHOy624YSPCSh,0.768,3.0,0.106,-18.81,1.0,0.0719,170.969,4.0,https://api.spotify.com/v1/tracks/6AKka4GmQYHOy624YSPCSh,audio_features,spotify:track:6AKka4GmQYHOy624YSPCSh,0.0814
long_term,English Summer,Other Lives,0.535,https://api.spotify.com/v1/audio-analysis/46VwBAhwm7qRWoo5wfxLx7,0.254,279719.0,0.39,46VwBAhwm7qRWoo5wfxLx7,0.278,2.0,0.0929,-10.634,1.0,0.0309,104.302,3.0,https://api.spotify.com/v1/tracks/46VwBAhwm7qRWoo5wfxLx7,audio_features,spotify:track:46VwBAhwm7qRWoo5wfxLx7,0.12
long_term,The Big Ship - 2004 Digital Remaster,Brian Eno,0.132,https://api.spotify.com/v1/audio-analysis/2d9KBVxb6bUfVCjjv1JAVe,0.377,181933.0,0.261,2d9KBVxb6bUfVCjjv1JAVe,0.875,0.0,0.116,-15.708,1.0,0.0411,117.994,3.0,https://api.spotify.com/v1/tracks/2d9KBVxb6bUfVCjjv1JAVe,audio_features,spotify:track:2d9KBVxb6bUfVCjjv1JAVe,0.0457
long_term,Move,S. Carey,0.979,https://api.spotify.com/v1/audio-analysis/40WXdZDdjnEIMiQynWYF8U,0.375,187293.0,0.225,40WXdZDdjnEIMiQynWYF8U,0.579,7.0,0.0871,-15.091,1.0,0.0304,97.11,4.0,https://api.spotify.com/v1/tracks/40WXdZDdjnEIMiQynWYF8U,audio_features,spotify:track:40WXdZDdjnEIMiQynWYF8U,0.0389
long_term,Jenny Come Home,Andy Shauf,0.347,https://api.spotify.com/v1/audio-analysis/78F6y7cbd6jYJXA4RFkwgo,0.704,180934.0,0.623,78F6y7cbd6jYJXA4RFkwgo,0.0356,11.0,0.135,-8.081,1.0,0.0418,119.919,4.0,https://api.spotify.com/v1/tracks/78F6y7cbd6jYJXA4RFkwgo,audio_features,spotify:track:78F6y7cbd6jYJXA4RFkwgo,0.491
long_term,You And Me,Penny & The Quarters,0.946,https://api.spotify.com/v1/audio-analysis/3ue9zcwNcoYvFqKVjG0C6r,0.577,160813.0,0.178,3ue9zcwNcoYvFqKVjG0C6r,1.01e-05,5.0,0.122,-7.811,1.0,0.0332,112.985,4.0,https://api.spotify.com/v1/tracks/3ue9zcwNcoYvFqKVjG0C6r,audio_features,spotify:track:3ue9zcwNcoYvFqKVjG0C6r,0.261
long_term,I Decline,Perfume Genius,0.765,https://api.spotify.com/v1/audio-analysis/55yfKueSypP64qCCLkvdc3,0.254,118120.0,0.0671,55yfKueSypP64qCCLkvdc3,0.0189,9.0,0.0961,-15.546,1.0,0.0428,82.091,3.0,https://api.spotify.com/v1/tracks/55yfKueSypP64qCCLkvdc3,audio_features,spotify:track:55yfKueSypP64qCCLkvdc3,0.07
long_term,Human Hands,Bowerbirds,0.851,https://api.spotify.com/v1/audio-analysis/1WyyQsbA2Hy5STcO8ki0At,0.634,199853.0,0.317,1WyyQsbA2Hy5STcO8ki0At,0.00136,0.0,0.0973,-13.818,1.0,0.0382,89.743,4.0,https://api.spotify.com/v1/tracks/1WyyQsbA2Hy5STcO8ki0At,audio_features,spotify:track:1WyyQsbA2Hy5STcO8ki0At,0.278
long_term,Mothers,S. Carey,0.895,https://api.spotify.com/v1/audio-analysis/4T8bHoH49wTTrQjYngKYAx,0.317,302707.0,0.284,4T8bHoH49wTTrQjYngKYAx,0.231,11.0,0.112,-15.497,0.0,0.0331,83.517,4.0,https://api.spotify.com/v1/tracks/4T8bHoH49wTTrQjYngKYAx,audio_features,spotify:track:4T8bHoH49wTTrQjYngKYAx,0.15
long_term,10 Bands,Drake,0.23,https://api.spotify.com/v1/audio-analysis/12d5QFwzh60IIHlsSnAvps,0.835,177733.0,0.756,12d5QFwzh60IIHlsSnAvps,0.0,7.0,0.0801,-3.789,1.0,0.382,173.0,4.0,https://api.spotify.com/v1/tracks/12d5QFwzh60IIHlsSnAvps,audio_features,spotify:track:12d5QFwzh60IIHlsSnAvps,0.87
long_term,Only Ones Who Know,Arctic Monkeys,0.899,https://api.spotify.com/v1/audio-analysis/7ABWRukVQcXrIrDKDx5Gek,0.257,181480.0,0.409,7ABWRukVQcXrIrDKDx5Gek,0.00293,7.0,0.109,-10.828,0.0,0.0363,145.759,5.0,https://api.spotify.com/v1/tracks/7ABWRukVQcXrIrDKDx5Gek,audio_features,spotify:track:7ABWRukVQcXrIrDKDx5Gek,0.0794
long_term,The Way I Feel Inside,The Zombies,0.954,https://api.spotify.com/v1/audio-analysis/2iSxljzM8Xw9EEIGBRW1CD,0.62,108573.0,0.148,2iSxljzM8Xw9EEIGBRW1CD,0.0,1.0,0.0968,-13.124,0.0,0.078,114.627,4.0,https://api.spotify.com/v1/tracks/2iSxljzM8Xw9EEIGBRW1CD,audio_features,spotify:track:2iSxljzM8Xw9EEIGBRW1CD,0.579
long_term,Freaking Out the Neighborhood,Mac DeMarco,0.0639,https://api.spotify.com/v1/audio-analysis/25SJaCCPiosugnlY53VhRG,0.565,173889.0,0.832,25SJaCCPiosugnlY53VhRG,0.0291,8.0,0.386,-5.751,0.0,0.108,143.302,4.0,https://api.spotify.com/v1/tracks/25SJaCCPiosugnlY53VhRG,audio_features,spotify:track:25SJaCCPiosugnlY53VhRG,0.847
long_term,Just Walking In the Rain,The Prisonaires,0.991,https://api.spotify.com/v1/audio-analysis/6RjoyP0WpjeITVpLqFJhhL,0.355,166667.0,0.0471,6RjoyP0WpjeITVpLqFJhhL,0.000115,8.0,0.109,-18.257,1.0,0.0364,79.48,4.0,https://api.spotify.com/v1/tracks/6RjoyP0WpjeITVpLqFJhhL,audio_features,spotify:track:6RjoyP0WpjeITVpLqFJhhL,0.171
long_term,Your Mother Should Know - Remastered,The Beatles,0.784,https://api.spotify.com/v1/audio-analysis/1dxbAIfCASqv6jix2R1Taj,0.698,148413.0,0.293,1dxbAIfCASqv6jix2R1Taj,0.0106,0.0,0.0936,-11.361,1.0,0.0332,117.613,4.0,https://api.spotify.com/v1/tracks/1dxbAIfCASqv6jix2R1Taj,audio_features,spotify:track:1dxbAIfCASqv6jix2R1Taj,0.724
long_term,My Love,Paul McCartney,0.443,https://api.spotify.com/v1/audio-analysis/6W5B2atlbrHdC8vy8c3df8,0.42,248000.0,0.422,6W5B2atlbrHdC8vy8c3df8,2.41e-05,5.0,0.0655,-11.125,1.0,0.0322,120.076,4.0,https://api.spotify.com/v1/tracks/6W5B2atlbrHdC8vy8c3df8,audio_features,spotify:track:6W5B2atlbrHdC8vy8c3df8,0.154
long_term,Lust For Life,Girls,0.0101,https://api.spotify.com/v1/audio-analysis/72DTGt2tVAL6ATVhzVjvkk,0.25,145293.0,0.705,72DTGt2tVAL6ATVhzVjvkk,0.377,6.0,0.128,-6.044,1.0,0.0313,154.299,4.0,https://api.spotify.com/v1/tracks/72DTGt2tVAL6ATVhzVjvkk,audio_features,spotify:track:72DTGt2tVAL6ATVhzVjvkk,0.458
long_term,The Night Josh Tillman Came To Our Apt.,Father John Misty,0.285,https://api.spotify.com/v1/audio-analysis/5UXusQhn77o9f11H4NKFbM,0.601,216173.0,0.628,5UXusQhn77o9f11H4NKFbM,0.0,2.0,0.0993,-5.972,0.0,0.0226,98.879,4.0,https://api.spotify.com/v1/tracks/5UXusQhn77o9f11H4NKFbM,audio_features,spotify:track:5UXusQhn77o9f11H4NKFbM,0.654
long_term,While You Were Sleeping,Elvis Perkins,0.106,https://api.spotify.com/v1/audio-analysis/5DR0rzOMao8PN8TqJuYw08,0.35,379787.0,0.553,5DR0rzOMao8PN8TqJuYw08,5.75e-06,3.0,0.105,-9.264,1.0,0.0574,77.576,3.0,https://api.spotify.com/v1/tracks/5DR0rzOMao8PN8TqJuYw08,audio_features,spotify:track:5DR0rzOMao8PN8TqJuYw08,0.232
long_term,Alpenglow,S. Carey,0.898,https://api.spotify.com/v1/audio-analysis/0nGbKcuc2uIuJpS9SvhLtt,0.296,262147.0,0.332,0nGbKcuc2uIuJpS9SvhLtt,0.49,5.0,0.101,-11.594,0.0,0.0292,127.79,3.0,https://api.spotify.com/v1/tracks/0nGbKcuc2uIuJpS9SvhLtt,audio_features,spotify:track:0nGbKcuc2uIuJpS9SvhLtt,0.202
long_term,La Bikina,Mariachi Mexico,0.85,https://api.spotify.com/v1/audio-analysis/2kHDcpgwj6fEjV5uqRXahS,0.32,145334.0,0.388,2kHDcpgwj6fEjV5uqRXahS,0.724,7.0,0.133,-7.232,1.0,0.037,185.441,3.0,https://api.spotify.com/v1/tracks/2kHDcpgwj6fEjV5uqRXahS,audio_features,spotify:track:2kHDcpgwj6fEjV5uqRXahS,0.865
long_term,Hello,J. Cole,0.0774,https://api.spotify.com/v1/audio-analysis/30Chv2SmIry70YwtmtaKnj,0.631,219173.0,0.7,30Chv2SmIry70YwtmtaKnj,1.19e-05,9.0,0.106,-8.565,0.0,0.212,159.973,4.0,https://api.spotify.com/v1/tracks/30Chv2SmIry70YwtmtaKnj,audio_features,spotify:track:30Chv2SmIry70YwtmtaKnj,0.329
long_term,Pulaski at Night,Andrew Bird,0.67,https://api.spotify.com/v1/audio-analysis/3v6NuKeDbFbaq1lNjw3XtR,0.446,289093.0,0.643,3v6NuKeDbFbaq1lNjw3XtR,0.000818,7.0,0.0951,-7.925,1.0,0.0561,99.608,4.0,https://api.spotify.com/v1/tracks/3v6NuKeDbFbaq1lNjw3XtR,audio_features,spotify:track:3v6NuKeDbFbaq1lNjw3XtR,0.531
long_term,This Could Be Us,Rae Sremmurd,0.275,https://api.spotify.com/v1/audio-analysis/4jTiyLlOJVJj3mCr7yfPQD,0.718,206307.0,0.692,4jTiyLlOJVJj3mCr7yfPQD,0.0,5.0,0.118,-5.06,0.0,0.148,142.992,4.0,https://api.spotify.com/v1/tracks/4jTiyLlOJVJj3mCr7yfPQD,audio_features,spotify:track:4jTiyLlOJVJj3mCr7yfPQD,0.721
long_term,Song to the Siren,Amen Dunes,0.426,https://api.spotify.com/v1/audio-analysis/0HV0DzBkuBpQeZOXHpcEKV,0.289,224636.0,0.359,0HV0DzBkuBpQeZOXHpcEKV,0.00584,10.0,0.117,-11.515,1.0,0.037,72.269,3.0,https://api.spotify.com/v1/tracks/0HV0DzBkuBpQeZOXHpcEKV,audio_features,spotify:track:0HV0DzBkuBpQeZOXHpcEKV,0.0812
long_term,What You Were,The Drums,0.169,https://api.spotify.com/v1/audio-analysis/2WETO8PgRIdYLW4zz8xjnD,0.621,195280.0,0.829,2WETO8PgRIdYLW4zz8xjnD,0.495,7.0,0.32,-5.466,1.0,0.025,105.072,4.0,https://api.spotify.com/v1/tracks/2WETO8PgRIdYLW4zz8xjnD,audio_features,spotify:track:2WETO8PgRIdYLW4zz8xjnD,0.235
long_term,Automatic Stop,The Strokes,0.00336,https://api.spotify.com/v1/audio-analysis/6DUKQUhWqUySYngLXLNwP2,0.68,207029.0,0.536,6DUKQUhWqUySYngLXLNwP2,0.737,1.0,0.0884,-6.078,1.0,0.0384,105.917,4.0,https://api.spotify.com/v1/tracks/6DUKQUhWqUySYngLXLNwP2,audio_features,spotify:track:6DUKQUhWqUySYngLXLNwP2,0.959
long_term,Blood On The Leaves,Kanye West,0.385,https://api.spotify.com/v1/audio-analysis/42GcjriRK6srwHkfbkBqVl,0.415,359800.0,0.681,42GcjriRK6srwHkfbkBqVl,0.0,2.0,0.101,-4.104,0.0,0.189,171.893,4.0,https://api.spotify.com/v1/tracks/42GcjriRK6srwHkfbkBqVl,audio_features,spotify:track:42GcjriRK6srwHkfbkBqVl,0.364
long_term,New Ceremony,Dry the River,0.0818,https://api.spotify.com/v1/audio-analysis/6CSTqWwsn5BrkS47LsncBL,0.358,252293.0,0.757,6CSTqWwsn5BrkS47LsncBL,0.000275,6.0,0.12,-5.715,1.0,0.0444,121.245,4.0,https://api.spotify.com/v1/tracks/6CSTqWwsn5BrkS47LsncBL,audio_features,spotify:track:6CSTqWwsn5BrkS47LsncBL,0.196
long_term,Furthest Thing,Drake,0.141,https://api.spotify.com/v1/audio-analysis/6cT5orvyKqwghJp6KB9vG0,0.486,267373.0,0.776,6cT5orvyKqwghJp6KB9vG0,0.0,9.0,0.0565,-5.28,0.0,0.189,137.063,4.0,https://api.spotify.com/v1/tracks/6cT5orvyKqwghJp6KB9vG0,audio_features,spotify:track:6cT5orvyKqwghJp6KB9vG0,0.268
long_term,Creaking,S. Carey,0.683,https://api.spotify.com/v1/audio-analysis/7MHjQUf8zz7QDp5bOFVbaE,0.196,224080.0,0.527,7MHjQUf8zz7QDp5bOFVbaE,0.838,9.0,0.165,-12.504,1.0,0.0354,60.013,4.0,https://api.spotify.com/v1/tracks/7MHjQUf8zz7QDp5bOFVbaE,audio_features,spotify:track:7MHjQUf8zz7QDp5bOFVbaE,0.134
